{
  "all-student-name" : {
    "transaction" : "all-student-name",
    "sampleCount" : 10,
    "errorCount" : 0,
    "errorPct" : 0.0,
    "meanResTime" : 107.00000000000001,
    "medianResTime" : 72.5,
    "minResTime" : 60.0,
    "maxResTime" : 247.0,
    "pct1ResTime" : 243.3,
    "pct2ResTime" : 247.0,
    "pct3ResTime" : 247.0,
    "throughput" : 11.086474501108649,
    "receivedKBytesPerSec" : 3385.066605460089,
    "sentKBytesPerSec" : 1.4399424889135255
  },
  "Total" : {
    "transaction" : "Total",
    "sampleCount" : 10,
    "errorCount" : 0,
    "errorPct" : 0.0,
    "meanResTime" : 107.00000000000001,
    "medianResTime" : 72.5,
    "minResTime" : 60.0,
    "maxResTime" : 247.0,
    "pct1ResTime" : 243.3,
    "pct2ResTime" : 247.0,
    "pct3ResTime" : 247.0,
    "throughput" : 11.086474501108649,
    "receivedKBytesPerSec" : 3385.066605460089,
    "sentKBytesPerSec" : 1.4399424889135255
  }
}