{
  "all-student-name" : {
    "transaction" : "all-student-name",
    "sampleCount" : 10,
    "errorCount" : 0,
    "errorPct" : 0.0,
    "meanResTime" : 82.9,
    "medianResTime" : 75.0,
    "minResTime" : 59.0,
    "maxResTime" : 124.0,
    "pct1ResTime" : 122.10000000000001,
    "pct2ResTime" : 124.0,
    "pct3ResTime" : 124.0,
    "throughput" : 11.415525114155251,
    "receivedKBytesPerSec" : 3485.536618864155,
    "sentKBytesPerSec" : 1.4826805079908676
  },
  "Total" : {
    "transaction" : "Total",
    "sampleCount" : 10,
    "errorCount" : 0,
    "errorPct" : 0.0,
    "meanResTime" : 82.9,
    "medianResTime" : 75.0,
    "minResTime" : 59.0,
    "maxResTime" : 124.0,
    "pct1ResTime" : 122.10000000000001,
    "pct2ResTime" : 124.0,
    "pct3ResTime" : 124.0,
    "throughput" : 11.415525114155251,
    "receivedKBytesPerSec" : 3485.536618864155,
    "sentKBytesPerSec" : 1.4826805079908676
  }
}