{
  "all-student request" : {
    "transaction" : "all-student request",
    "sampleCount" : 10,
    "errorCount" : 0,
    "errorPct" : 0.0,
    "meanResTime" : 372.0,
    "medianResTime" : 339.5,
    "minResTime" : 267.0,
    "maxResTime" : 556.0,
    "pct1ResTime" : 551.4,
    "pct2ResTime" : 556.0,
    "pct3ResTime" : 556.0,
    "throughput" : 9.149130832570906,
    "receivedKBytesPerSec" : 25031.244639181154,
    "sentKBytesPerSec" : 1.1436413540713632
  },
  "Total" : {
    "transaction" : "Total",
    "sampleCount" : 10,
    "errorCount" : 0,
    "errorPct" : 0.0,
    "meanResTime" : 372.0,
    "medianResTime" : 339.5,
    "minResTime" : 267.0,
    "maxResTime" : 556.0,
    "pct1ResTime" : 551.4,
    "pct2ResTime" : 556.0,
    "pct3ResTime" : 556.0,
    "throughput" : 9.149130832570906,
    "receivedKBytesPerSec" : 25031.244639181154,
    "sentKBytesPerSec" : 1.1436413540713632
  }
}