{
  "all-student request" : {
    "transaction" : "all-student request",
    "sampleCount" : 10,
    "errorCount" : 0,
    "errorPct" : 0.0,
    "meanResTime" : 363.80000000000007,
    "medianResTime" : 344.5,
    "minResTime" : 238.0,
    "maxResTime" : 583.0,
    "pct1ResTime" : 576.1,
    "pct2ResTime" : 583.0,
    "pct3ResTime" : 583.0,
    "throughput" : 9.37207122774133,
    "receivedKBytesPerSec" : 25641.190619142457,
    "sentKBytesPerSec" : 1.1715089034676665
  },
  "Total" : {
    "transaction" : "Total",
    "sampleCount" : 10,
    "errorCount" : 0,
    "errorPct" : 0.0,
    "meanResTime" : 363.80000000000007,
    "medianResTime" : 344.5,
    "minResTime" : 238.0,
    "maxResTime" : 583.0,
    "pct1ResTime" : 576.1,
    "pct2ResTime" : 583.0,
    "pct3ResTime" : 583.0,
    "throughput" : 9.37207122774133,
    "receivedKBytesPerSec" : 25641.190619142457,
    "sentKBytesPerSec" : 1.1715089034676665
  }
}