{
  "Total" : {
    "transaction" : "Total",
    "sampleCount" : 10,
    "errorCount" : 0,
    "errorPct" : 0.0,
    "meanResTime" : 12.600000000000001,
    "medianResTime" : 12.0,
    "minResTime" : 6.0,
    "maxResTime" : 30.0,
    "pct1ResTime" : 28.300000000000004,
    "pct2ResTime" : 30.0,
    "pct3ResTime" : 30.0,
    "throughput" : 11.947431302270013,
    "receivedKBytesPerSec" : 3.2552083333333335,
    "sentKBytesPerSec" : 1.4934289127837514
  },
  "highest-gpa" : {
    "transaction" : "highest-gpa",
    "sampleCount" : 10,
    "errorCount" : 0,
    "errorPct" : 0.0,
    "meanResTime" : 12.600000000000001,
    "medianResTime" : 12.0,
    "minResTime" : 6.0,
    "maxResTime" : 30.0,
    "pct1ResTime" : 28.300000000000004,
    "pct2ResTime" : 30.0,
    "pct3ResTime" : 30.0,
    "throughput" : 11.947431302270013,
    "receivedKBytesPerSec" : 3.2552083333333335,
    "sentKBytesPerSec" : 1.4934289127837514
  }
}