{
  "all-student-name" : {
    "transaction" : "all-student-name",
    "sampleCount" : 10,
    "errorCount" : 0,
    "errorPct" : 0.0,
    "meanResTime" : 4694.1,
    "medianResTime" : 4692.5,
    "minResTime" : 4496.0,
    "maxResTime" : 4833.0,
    "pct1ResTime" : 4831.0,
    "pct2ResTime" : 4833.0,
    "pct3ResTime" : 4833.0,
    "throughput" : 1.8782870022539444,
    "receivedKBytesPerSec" : 573.5030199333208,
    "sentKBytesPerSec" : 0.24395719853493614
  },
  "Total" : {
    "transaction" : "Total",
    "sampleCount" : 10,
    "errorCount" : 0,
    "errorPct" : 0.0,
    "meanResTime" : 4694.1,
    "medianResTime" : 4692.5,
    "minResTime" : 4496.0,
    "maxResTime" : 4833.0,
    "pct1ResTime" : 4831.0,
    "pct2ResTime" : 4833.0,
    "pct3ResTime" : 4833.0,
    "throughput" : 1.8782870022539444,
    "receivedKBytesPerSec" : 573.5030199333208,
    "sentKBytesPerSec" : 0.24395719853493614
  }
}