{
  "all-student request" : {
    "transaction" : "all-student request",
    "sampleCount" : 10,
    "errorCount" : 0,
    "errorPct" : 0.0,
    "meanResTime" : 119620.0,
    "medianResTime" : 120099.0,
    "minResTime" : 117211.0,
    "maxResTime" : 120588.0,
    "pct1ResTime" : 120584.4,
    "pct2ResTime" : 120588.0,
    "pct3ResTime" : 120588.0,
    "throughput" : 0.08282465192940026,
    "receivedKBytesPerSec" : 226.6012108187631,
    "sentKBytesPerSec" : 0.010353081491175033
  },
  "Total" : {
    "transaction" : "Total",
    "sampleCount" : 10,
    "errorCount" : 0,
    "errorPct" : 0.0,
    "meanResTime" : 119620.0,
    "medianResTime" : 120099.0,
    "minResTime" : 117211.0,
    "maxResTime" : 120588.0,
    "pct1ResTime" : 120584.4,
    "pct2ResTime" : 120588.0,
    "pct3ResTime" : 120588.0,
    "throughput" : 0.08282465192940026,
    "receivedKBytesPerSec" : 226.6012108187631,
    "sentKBytesPerSec" : 0.010353081491175033
  }
}